<?xml version="1.0" encoding="utf-8"?>
<eml:eml xmlns:eml="eml://ecoinformatics.org/eml-2.1.1" xmlns:xsi="http://www.w3.org/2001/XMLSchema-instance"
         xsi:schemaLocation="eml://ecoinformatics.org/eml-2.1.1 http://rs.gbif.org/schema/eml-gbif-profile/1.1/eml.xsd"
        packageId="44e8b95a-1850-4507-8fa0-a3a07f5dd936"  system="http://gbif.org" scope="system"
  xml:lang="en">

<dataset>
      <alternateIdentifier>doi:10.15468/xdcsbl</alternateIdentifier>
    <title>Crustacea collection of National Museum of Nature and Science</title>
    <associatedParty>
<positionName>Curator</positionName><phone>+81-29-853-8306</phone><electronicMailAddress>h-komatu@kahaku.go.jp</electronicMailAddress>    </associatedParty>
    <language>en</language>
    <abstract>
        <para>Crustacea specimens deposited at the Department of Zoology, National Museum of Nature and Scien&amp;#xff43;e</para>
    </abstract>
      <intellectualRights>
        <para>This work is licensed under a <ulink url="http://creativecommons.org/licenses/by/4.0/legalcode"><citetitle>Creative Commons Attribution (CC-BY) 4.0 License</citetitle></ulink>.</para>
      </intellectualRights>
      <distribution scope="document">
          <online>
              <url function="information">http://www.kahaku.go.jp/english/</url>
          </online>
      </distribution>

</dataset>

<additionalMetadata>
    <metadata>
      <gbif>
        <dateStamp>2017-06-15T01:59:36Z</dateStamp>
      <citation>Crustacea collection of National Museum of Nature and Science. National Museum of Nature and Science, Japan. Occurrence Dataset https://doi.org/10.15468/xdcsbl accessed via GBIF.org on 2017-06-15.</citation>
        </gbif>
    </metadata>
</additionalMetadata>

</eml:eml>
