<?xml version="1.0" encoding="utf-8"?>
<eml:eml xmlns:eml="eml://ecoinformatics.org/eml-2.1.1" xmlns:xsi="http://www.w3.org/2001/XMLSchema-instance"
         xsi:schemaLocation="eml://ecoinformatics.org/eml-2.1.1 http://rs.gbif.org/schema/eml-gbif-profile/1.1/eml.xsd"
        packageId="47d1829a-e78e-4171-91c5-d1f5ae6403fe"  system="http://gbif.org" scope="system"
  xml:lang="en">

<dataset>
      <alternateIdentifier>doi:10.1594/pangaea.778576</alternateIdentifier>
    <title>Vertical distribution of nannofossils in the section of DSDP Site 72-516</title>
    <associatedParty>
    </associatedParty>
    <language>en</language>
    <abstract>
        <para></para>
    </abstract>
      <intellectualRights>
        <para>This work is licensed under a <ulink url="http://creativecommons.org/licenses/by/4.0/legalcode"><citetitle>Creative Commons Attribution (CC-BY) 4.0 License</citetitle></ulink>.</para>
      </intellectualRights>
      <distribution scope="document">
          <online>
              <url function="information">http://doi.pangaea.de/doi:10.1594/PANGAEA.778576</url>
          </online>
      </distribution>

</dataset>

<additionalMetadata>
    <metadata>
      <gbif>
        <dateStamp>2017-06-15T01:59:30Z</dateStamp>
      <citation>Vertical distribution of nannofossils in the section of DSDP Site 72-516. PANGAEA - Publishing Network for Geoscientific and Environmental Data. Occurrence Dataset https://doi.org/10.1594/pangaea.778576 accessed via GBIF.org on 2017-06-15.</citation>
        </gbif>
    </metadata>
</additionalMetadata>

</eml:eml>
