<?xml version="1.0" encoding="utf-8"?>
<eml:eml xmlns:eml="eml://ecoinformatics.org/eml-2.1.1" xmlns:xsi="http://www.w3.org/2001/XMLSchema-instance"
         xsi:schemaLocation="eml://ecoinformatics.org/eml-2.1.1 http://rs.gbif.org/schema/eml-gbif-profile/1.1/eml.xsd"
        packageId="738d6188-f762-11e1-a439-00145eb45e9a"  system="http://gbif.org" scope="system"
  xml:lang="en">

<dataset>
      <alternateIdentifier>doi:10.1594/pangaea.249347</alternateIdentifier>
        <alternateIdentifier>9511</alternateIdentifier>
    <title>Nannofossil abundance of Hole 3-22</title>
    <associatedParty>
    </associatedParty>
    <language>en</language>
    <abstract>
        <para></para>
    </abstract>
      <intellectualRights>
        <para>This work is licensed under a <ulink url="http://creativecommons.org/licenses/by/4.0/legalcode"><citetitle>Creative Commons Attribution (CC-BY) 4.0 License</citetitle></ulink>.</para>
      </intellectualRights>
      <distribution scope="document">
          <online>
              <url function="information">http://doi.pangaea.de/doi:10.1594/PANGAEA.249347</url>
          </online>
      </distribution>

</dataset>

<additionalMetadata>
    <metadata>
      <gbif>
        <dateStamp>2017-06-15T01:59:36Z</dateStamp>
      <citation>Nannofossil abundance of Hole 3-22. PANGAEA - Publishing Network for Geoscientific and Environmental Data. Occurrence Dataset https://doi.org/10.1594/pangaea.249347 accessed via GBIF.org on 2017-06-15.</citation>
        </gbif>
    </metadata>
</additionalMetadata>

</eml:eml>
