<?xml version="1.0" encoding="utf-8"?>
<eml:eml xmlns:eml="eml://ecoinformatics.org/eml-2.1.1" xmlns:xsi="http://www.w3.org/2001/XMLSchema-instance"
         xsi:schemaLocation="eml://ecoinformatics.org/eml-2.1.1 http://rs.gbif.org/schema/eml-gbif-profile/1.1/eml.xsd"
        packageId="7b361b5a-f762-11e1-a439-00145eb45e9a"  system="http://gbif.org" scope="system"
  xml:lang="en">

<dataset>
      <alternateIdentifier>doi:10.15468/y8psoy</alternateIdentifier>
        <alternateIdentifier>11530</alternateIdentifier>
    <title>SOMBASE BIOCONSTRUCTORS</title>
    <associatedParty>
<electronicMailAddress>jpro@bas.ac.uk</electronicMailAddress>    </associatedParty>
    <associatedParty>
<electronicMailAddress>hjg@bas.ac.uk</electronicMailAddress>    </associatedParty>
    <language>en</language>
    <abstract>
        <para></para>
    </abstract>
      <intellectualRights>
        <para>This work is licensed under a <ulink url="http://creativecommons.org/licenses/by/4.0/legalcode"><citetitle>Creative Commons Attribution (CC-BY) 4.0 License</citetitle></ulink>.</para>
      </intellectualRights>

</dataset>

<additionalMetadata>
    <metadata>
      <gbif>
        <dateStamp>2017-06-15T01:59:43Z</dateStamp>
      <citation>SOMBASE BIOCONSTRUCTORS. British Antarctic Survey. Occurrence Dataset https://doi.org/10.15468/y8psoy accessed via GBIF.org on 2017-06-15.</citation>
        </gbif>
    </metadata>
</additionalMetadata>

</eml:eml>
