<?xml version="1.0" encoding="utf-8"?>
<eml:eml xmlns:eml="eml://ecoinformatics.org/eml-2.1.1" xmlns:xsi="http://www.w3.org/2001/XMLSchema-instance"
         xsi:schemaLocation="eml://ecoinformatics.org/eml-2.1.1 http://rs.gbif.org/schema/eml-gbif-profile/1.1/eml.xsd"
        packageId="7b554a7a-f762-11e1-a439-00145eb45e9a"  system="http://gbif.org" scope="system"
  xml:lang="en">

<dataset>
      <alternateIdentifier>doi:10.15468/9rznyi</alternateIdentifier>
        <alternateIdentifier>11651</alternateIdentifier>
    <title>Museo Argentino de Ciencias Naturales (MACN), Buenos Aires: sea stars collection (Asteroidea, Echinodermata)</title>
    <associatedParty>
<positionName>Data collector</positionName>    </associatedParty>
    <language>en</language>
    <abstract>
        <para>Sea stars collection from various Argentinian expeditions, ranging from 1920 and 1979. Data sent by Prof Alejandro Tablado.</para>
    </abstract>
      <intellectualRights>
        <para>To the extent possible under law, the publisher has waived all rights to these data and has dedicated them to the <ulink url="http://creativecommons.org/publicdomain/zero/1.0/legalcode"><citetitle>Public Domain (CC0 1.0)</citetitle></ulink>. Users may copy, modify, distribute and use the work, including for commercial purposes, without restriction.</para>
      </intellectualRights>
      <distribution scope="document">
          <online>
              <url function="information">http://www.scarmarbin.be/imis.php?module=dataset&amp;dasid=1655</url>
          </online>
      </distribution>

</dataset>

<additionalMetadata>
    <metadata>
      <gbif>
        <dateStamp>2017-06-15T01:59:39Z</dateStamp>
      <citation>Museo Argentino de Ciencias Naturales (MACN), Buenos Aires: sea stars collection (Asteroidea, Echinodermata). Antarctic Biodiversity Information Facility (ANTABIF). Occurrence Dataset https://doi.org/10.15468/9rznyi accessed via GBIF.org on 2017-06-15.</citation>
        </gbif>
    </metadata>
</additionalMetadata>

</eml:eml>
