<?xml version="1.0" encoding="utf-8"?>
<eml:eml xmlns:eml="eml://ecoinformatics.org/eml-2.1.1" xmlns:xsi="http://www.w3.org/2001/XMLSchema-instance"
         xsi:schemaLocation="eml://ecoinformatics.org/eml-2.1.1 http://rs.gbif.org/schema/eml-gbif-profile/1.1/eml.xsd"
        packageId="7bac0ff4-f762-11e1-a439-00145eb45e9a"  system="http://gbif.org" scope="system"
  xml:lang="en">

<dataset>
      <alternateIdentifier>doi:10.15468/yhsqkx</alternateIdentifier>
        <alternateIdentifier>12046</alternateIdentifier>
    <title>Universidad Autónoma de Madrid, Biología, Acalypha</title>
    <language>en</language>
    <abstract>
        <para>Colecciones americanas del género Acalypha (Euphorbiaceae).Actualmente se incluyen unas 8000 colecciones, que corresponden con unos 22.000 pliegos de herbarios europeos y americanos. Un 70% de las colecciones se encuentran georeferenciadas</para>
    </abstract>
      <intellectualRights>
        <para>This work is licensed under a <ulink url="http://creativecommons.org/licenses/by/4.0/legalcode"><citetitle>Creative Commons Attribution (CC-BY) 4.0 License</citetitle></ulink>.</para>
      </intellectualRights>
      <distribution scope="document">
          <online>
              <url function="information">http://www.acalypha.es</url>
          </online>
      </distribution>
      <contact>
<phone>+34 914978111</phone><electronicMailAddress>jm.cardiel@uam.es</electronicMailAddress>      </contact>

</dataset>

<additionalMetadata>
    <metadata>
      <gbif>
        <dateStamp>2017-06-15T01:59:42Z</dateStamp>
      <citation>Universidad Autónoma de Madrid, Biología, Acalypha. GBIF-Spain. Occurrence Dataset https://doi.org/10.15468/yhsqkx accessed via GBIF.org on 2017-06-15.</citation>
        </gbif>
    </metadata>
</additionalMetadata>

</eml:eml>
