<?xml version="1.0" encoding="utf-8"?>
<eml:eml xmlns:eml="eml://ecoinformatics.org/eml-2.1.1" xmlns:xsi="http://www.w3.org/2001/XMLSchema-instance"
         xsi:schemaLocation="eml://ecoinformatics.org/eml-2.1.1 http://rs.gbif.org/schema/eml-gbif-profile/1.1/eml.xsd"
        packageId="7c12e4d6-f762-11e1-a439-00145eb45e9a"  system="http://gbif.org" scope="system"
  xml:lang="en">

<dataset>
      <alternateIdentifier>doi:10.15468/kjtldl</alternateIdentifier>
        <alternateIdentifier>12136</alternateIdentifier>
    <title>British Antarctic Survey Argos satellite tracking data</title>
    <associatedParty>
<positionName>Dr</positionName><phone>+44 (0)1223 221569</phone><electronicMailAddress>hjpe@bas.ac.uk</electronicMailAddress>    </associatedParty>
    <associatedParty>
<electronicMailAddress>jpro@bas.ac.uk</electronicMailAddress>    </associatedParty>
    <language>en</language>
    <abstract>
        <para>Location information derived from ARGOS PTT tracking devices deployed on higher predators by British Antarctic Survey scientists since 1990</para>
    </abstract>
      <intellectualRights>
        <para>This work is licensed under a <ulink url="http://creativecommons.org/licenses/by/4.0/legalcode"><citetitle>Creative Commons Attribution (CC-BY) 4.0 License</citetitle></ulink>.</para>
      </intellectualRights>

</dataset>

<additionalMetadata>
    <metadata>
      <gbif>
        <dateStamp>2017-06-15T01:59:32Z</dateStamp>
      <citation>British Antarctic Survey Argos satellite tracking data. British Antarctic Survey. Occurrence Dataset https://doi.org/10.15468/kjtldl accessed via GBIF.org on 2017-06-15.</citation>
        </gbif>
    </metadata>
</additionalMetadata>

</eml:eml>
