<?xml version="1.0" encoding="utf-8"?>
<eml:eml xmlns:eml="eml://ecoinformatics.org/eml-2.1.1" xmlns:xsi="http://www.w3.org/2001/XMLSchema-instance"
         xsi:schemaLocation="eml://ecoinformatics.org/eml-2.1.1 http://rs.gbif.org/schema/eml-gbif-profile/1.1/eml.xsd"
        packageId="839f7426-f762-11e1-a439-00145eb45e9a"  system="http://gbif.org" scope="system"
  xml:lang="en">

<dataset>
      <alternateIdentifier>doi:10.15468/yzpqiw</alternateIdentifier>
        <alternateIdentifier>336</alternateIdentifier>
    <title>Generic Taxonomic Database System on Mysida and Nematoda</title>
    <language>en</language>
    <abstract>
        <para>NeMys is a biological online data system developed and maintained at the Marine Biology Section of the Ghent University, Belgium (UGent). The database application was designed in a fully generic way and can be used for any possible taxon. The main marine datasets now running on the system are the Mysida dataset and the Nematoda dataset. The Mysida dataset contains an up-to-date worldlist of the known taxa of this order. Linked to the list a growing number of fully digital literature sources, geographical information, pictorial information, collection information and morphological information are available. The Nematoda dataset focusses on marine free-living Nematodes and data is added according to regions of research interest. Also there basic morphological information, literature and geographical information, pictorial data is entered progressively.</para>
    </abstract>
      <intellectualRights>
        <para>This work is licensed under a <ulink url="http://creativecommons.org/licenses/by/4.0/legalcode"><citetitle>Creative Commons Attribution (CC-BY) 4.0 License</citetitle></ulink>.</para>
      </intellectualRights>
      <distribution scope="document">
          <online>
              <url function="information">http://intramar.ugent.be/nemys/</url>
          </online>
      </distribution>

</dataset>

<additionalMetadata>
    <metadata>
      <gbif>
        <dateStamp>2017-06-15T01:59:32Z</dateStamp>
      <citation>Generic Taxonomic Database System on Mysida and Nematoda. Ocean Biogeographic Information System. Occurrence Dataset https://doi.org/10.15468/yzpqiw accessed via GBIF.org on 2017-06-15.</citation>
        </gbif>
    </metadata>
</additionalMetadata>

</eml:eml>
