<?xml version="1.0" encoding="utf-8"?>
<eml:eml xmlns:eml="eml://ecoinformatics.org/eml-2.1.1" xmlns:xsi="http://www.w3.org/2001/XMLSchema-instance"
         xsi:schemaLocation="eml://ecoinformatics.org/eml-2.1.1 http://rs.gbif.org/schema/eml-gbif-profile/1.1/eml.xsd"
        packageId="83a09216-f762-11e1-a439-00145eb45e9a"  system="http://gbif.org" scope="system"
  xml:lang="en">

<dataset>
      <alternateIdentifier>doi:10.15468/ebgeud</alternateIdentifier>
        <alternateIdentifier>337</alternateIdentifier>
    <title>Academy of Natural Sciences OBIS Mollusc Database</title>
    <language>en</language>
    <abstract>
        <para>The primary objective of this project is to provide a database of the estimated 25,000 named species of mollusks in the Indo-Pacific region, with summary data on their distribution and ecology. Another objective is to combine Indo-Pacific data with existing databases for Western Atlantic and Europe marine mollusk species and for higher taxa of mollusks to form the basis of a global database of Mollusca. This database will provide a uniform framework for linking specimen records from museum collections and data from fisheries to show spatial and temporal patterns of occurrence and abundance. This datasource provides primary access to the Indo-Pacific Mollusc Dataset using the obis schema. Data in the Indo-Paciffic Mollusc database use names from the Indo-Pacific Mollusc project together with point records from the Academy of Natural Sciences and the Australian Museum. Specimens referenced in this data set may be in the collections of either the Australian Museum or the Academy of Natural Sciences, but may have current identifications in those collections that are junior synonymys (or other junior names) of names in current use in the Indo-Pacific Mollusc database.</para>
    </abstract>
      <intellectualRights>
        <para>This work is licensed under a <ulink url="http://creativecommons.org/licenses/by-nc/4.0/legalcode"><citetitle>Creative Commons Attribution Non Commercial (CC-BY-NC) 4.0 License</citetitle></ulink>.</para>
      </intellectualRights>
      <distribution scope="document">
          <online>
              <url function="information">http://data.acnatsci.org/obis</url>
          </online>
      </distribution>

</dataset>

<additionalMetadata>
    <metadata>
      <gbif>
        <dateStamp>2017-06-15T01:59:31Z</dateStamp>
      <citation>Academy of Natural Sciences OBIS Mollusc Database. Ocean Biogeographic Information System. Occurrence Dataset https://doi.org/10.15468/ebgeud accessed via GBIF.org on 2017-06-15.</citation>
        </gbif>
    </metadata>
</additionalMetadata>

</eml:eml>
