<?xml version="1.0" encoding="utf-8"?>
<eml:eml xmlns:eml="eml://ecoinformatics.org/eml-2.1.1" xmlns:xsi="http://www.w3.org/2001/XMLSchema-instance"
         xsi:schemaLocation="eml://ecoinformatics.org/eml-2.1.1 http://rs.gbif.org/schema/eml-gbif-profile/1.1/eml.xsd"
        packageId="83f69d96-f762-11e1-a439-00145eb45e9a"  system="http://gbif.org" scope="system"
  xml:lang="en">

<dataset>
      <alternateIdentifier>doi:10.15468/soegku</alternateIdentifier>
        <alternateIdentifier>412</alternateIdentifier>
    <title>iziko South African Museum - Shark Collection (AfrOBIS)</title>
    <language>en</language>
    <abstract>
        <para>This shark database was obtained from Dr Leonard J. V. Compagno. It currently contains 14484 records of 46 families.</para>
    </abstract>
      <intellectualRights>
        <para>This work is licensed under a <ulink url="http://creativecommons.org/licenses/by/4.0/legalcode"><citetitle>Creative Commons Attribution (CC-BY) 4.0 License</citetitle></ulink>.</para>
      </intellectualRights>
      <distribution scope="document">
          <online>
              <url function="information">http://www.iziko.org.za/iziko/izihome.html</url>
          </online>
      </distribution>

</dataset>

<additionalMetadata>
    <metadata>
      <gbif>
        <dateStamp>2017-06-15T01:59:42Z</dateStamp>
      <citation>iziko South African Museum - Shark Collection (AfrOBIS). Ocean Biogeographic Information System. Occurrence Dataset https://doi.org/10.15468/soegku accessed via GBIF.org on 2017-06-15.</citation>
        </gbif>
    </metadata>
</additionalMetadata>

</eml:eml>
