<?xml version="1.0" encoding="utf-8"?>
<eml:eml xmlns:eml="eml://ecoinformatics.org/eml-2.1.1" xmlns:xsi="http://www.w3.org/2001/XMLSchema-instance"
         xsi:schemaLocation="eml://ecoinformatics.org/eml-2.1.1 http://rs.gbif.org/schema/eml-gbif-profile/1.1/eml.xsd"
        packageId="83fa2844-f762-11e1-a439-00145eb45e9a"  system="http://gbif.org" scope="system"
  xml:lang="en">

<dataset>
      <alternateIdentifier>doi:10.15468/wbrcyd</alternateIdentifier>
        <alternateIdentifier>415</alternateIdentifier>
    <title>iziko South African Museum - Mollusc Collection (AfrOBIS)</title>
    <language>en</language>
    <abstract>
        <para>The iziko South African Museum&amp;#39;s mollusc collection of southern African species is the second largest mollusc collection in southern Africa. Significant additions were made in the past by K.H. Barnard. It currently contains 6078 records. The families were not provided.</para>
    </abstract>
      <intellectualRights>
        <para>This work is licensed under a <ulink url="http://creativecommons.org/licenses/by/4.0/legalcode"><citetitle>Creative Commons Attribution (CC-BY) 4.0 License</citetitle></ulink>.</para>
      </intellectualRights>
      <distribution scope="document">
          <online>
              <url function="information">http://www.iziko.org.za/iziko/izihome.html</url>
          </online>
      </distribution>

</dataset>

<additionalMetadata>
    <metadata>
      <gbif>
        <dateStamp>2017-06-15T01:59:32Z</dateStamp>
      <citation>iziko South African Museum - Mollusc Collection (AfrOBIS). Ocean Biogeographic Information System. Occurrence Dataset https://doi.org/10.15468/wbrcyd accessed via GBIF.org on 2017-06-15.</citation>
        </gbif>
    </metadata>
</additionalMetadata>

</eml:eml>
