<?xml version="1.0" encoding="utf-8"?>
<eml:eml xmlns:eml="eml://ecoinformatics.org/eml-2.1.1" xmlns:xsi="http://www.w3.org/2001/XMLSchema-instance"
         xsi:schemaLocation="eml://ecoinformatics.org/eml-2.1.1 http://rs.gbif.org/schema/eml-gbif-profile/1.1/eml.xsd"
        packageId="83fb5688-f762-11e1-a439-00145eb45e9a"  system="http://gbif.org" scope="system"
  xml:lang="en">

<dataset>
      <alternateIdentifier>doi:10.15468/oaw9m0</alternateIdentifier>
        <alternateIdentifier>http://arobis.cenpat-conicet.gob.ar:8081/resource?r=arobis-sealsii</alternateIdentifier>
        <alternateIdentifier>83fb5688-f762-11e1-a439-00145eb45e9a</alternateIdentifier>
        <alternateIdentifier>416</alternateIdentifier>
    <title>Distribution ashore and breeding places of southern elephant seals</title>
    <creator>
    <individualName>
<givenName>Mirtha Noemí</givenName>        <surName>Lewis</surName>
    </individualName>
<organizationName>Centro Nacional Patagónico - CONICET</organizationName><positionName>Researcher</positionName>    <address>
<deliveryPoint>Bv. Almirante Brown 2915</deliveryPoint><city>Puerto Madryn</city><administrativeArea>Chubut</administrativeArea><postalCode>U9120ACD</postalCode><country>ARGENTINA</country>    </address>
<phone>+54 280 4883184 (int. 1242)</phone><electronicMailAddress>mirtha@cenpat-conicet.gob.ar</electronicMailAddress>    </creator>
    <creator>
    <individualName>
<givenName>Claudio</givenName>        <surName>Campagna</surName>
    </individualName>
<positionName>Researcher</positionName>    <address>
<country>ARGENTINA</country>    </address>
    </creator>
    <creator>
    <individualName>
<givenName>María Rosa</givenName>        <surName>Marin</surName>
    </individualName>
<organizationName>Centro Nacional Patagónico - CONICET</organizationName><positionName>Professional support to research</positionName>    <address>
<deliveryPoint>Bv. Almirante Brown 2915</deliveryPoint><city>Puerto Madryn</city><administrativeArea>Chubut</administrativeArea><postalCode>U9120ACD</postalCode><country>ARGENTINA</country>    </address>
<phone>+54 280 4883184 (int. 1202)</phone><electronicMailAddress>marin@cenpat-conicet.gob.ar</electronicMailAddress>    </creator>
    <metadataProvider>
    <individualName>
<givenName>María Rosa</givenName>        <surName>Marin</surName>
    </individualName>
<organizationName>Centro Nacional Patagónico - CONICET</organizationName><positionName>Professional support to research</positionName>    <address>
<deliveryPoint>Bv. Almirante Brown 2915</deliveryPoint><city>Puerto Madryn</city><administrativeArea>Chubut</administrativeArea><postalCode>U9120ACD</postalCode><country>ARGENTINA</country>    </address>
<phone>+54 280 4883184 (int. 1202)</phone><electronicMailAddress>marin@cenpat-conicet.gob.ar</electronicMailAddress>    </metadataProvider>
    <associatedParty>
    <individualName>
<givenName>Renato</givenName>        <surName>Mazzanti</surName>
    </individualName>
<organizationName>Centro Nacional Patagónico - CONICET</organizationName><positionName>Coordinator of the Information Management Unit</positionName>    <address>
<deliveryPoint>Bv. Almirante Brown 2915</deliveryPoint><city>Puerto Madryn</city><administrativeArea>Chubut</administrativeArea><postalCode>U9120ACD</postalCode><country>ARGENTINA</country>    </address>
<phone>+54 280 4883184 (int. 1260)</phone><electronicMailAddress>renato@cenpat-conicet.gob.ar</electronicMailAddress>    <role>PROGRAMMER</role>
    </associatedParty>
      <pubDate>
      2017-04-05
      </pubDate>
    <language>ENGLISH</language>
    <abstract>
        <para>Database with number of individuals and distribution of the southern elephant seals (Mirounga leonina) of Península Valdés, Argentina,breeding colony. Censuses on foot of the entire colony were carried out during the peak of the breeding season (October 3-7) when most of the population is ashore. All the breeding groups were counted and located. Demographic data also encompass reports of solitary individuals along the Atlantic and Pacific coasts of South America and offshore islands. Dispersion from 1990 to 2006 was obtained from surveying scientists and opportunistic sightings of naturalists, rangers and fishermen. Previous information was assessed with published records.

-- ESPAÑOL -- Distribución en la costa y lugares de reproducción del elefante marino del sur en Sudamérica. Base de datos con número de individuos y distribución del elefante marino del sur (Mirounga leonina) en la colonia reproductiva de Península Valdés, Argentina. Los registros corresponden a relevamientos terrestres de toda la colonia llevados a cabo durante el pico de la temporada reproductiva (3-7 de Octubre), cuando la mayoría de los animales se encuentran en la costa. Todos los grupos de reproducción fueron contados y georeferenciados. Los datos demográficos se complementan con registros de animales solitarios observados en la costa e islas del Atlántico y Pacífico en Sudamérica. Los registros de dispersión se obtuvieron entre 1990 a 2006 a partir de observaciones oportunistas de científicos, naturalistas, guarda-faunas y pescadores. La información previa fue integrada a partir de registros publicados.</para>
    </abstract>
        <keywordSet>
              <keyword>Occurrence</keyword>
              <keywordThesaurus>GBIF Dataset Type Vocabulary: http://rs.gbif.org/vocabulary/gbif/dataset_type.xml</keywordThesaurus>
        </keywordSet>
        <keywordSet>
              <keyword>demography</keyword>
              <keyword>Península Valdés</keyword>
              <keyword>breeding colony</keyword>
              <keyword>dispersion</keyword>
              <keyword>Southern elephant seal</keyword>
              <keyword>population size</keyword>
              <keywordThesaurus>n/a</keywordThesaurus>
        </keywordSet>
      <intellectualRights>
        <para>This work is licensed under a <ulink url="http://creativecommons.org/licenses/by-nc/4.0/legalcode"><citetitle>Creative Commons Attribution Non Commercial (CC-BY-NC) 4.0 License</citetitle></ulink>.</para>
      </intellectualRights>
      <coverage>
            <geographicCoverage>
                  <geographicDescription>--</geographicDescription>
                  <boundingCoordinates>
                      <westBoundingCoordinate>-109.3</westBoundingCoordinate>
                      <eastBoundingCoordinate>-32.4</eastBoundingCoordinate>
                      <northBoundingCoordinate>-0.3</northBoundingCoordinate>
                      <southBoundingCoordinate>-56.5</southBoundingCoordinate>
                  </boundingCoordinates>
            </geographicCoverage>
          <temporalCoverage>
            <rangeOfDates>
              <beginDate>
                <calendarDate>      1927-01-01
</calendarDate>
              </beginDate>
              <endDate>
                <calendarDate>      2005-01-26
</calendarDate>
              </endDate>
            </rangeOfDates>
          </temporalCoverage>
      </coverage>
      <maintenance>
          <description>
              <para>marine, harvested by iOBIS</para>
          </description>
          <maintenanceUpdateFrequency>unkown</maintenanceUpdateFrequency>
      </maintenance>
      <contact>
    <individualName>
<givenName>María Rosa</givenName>        <surName>Marin</surName>
    </individualName>
<organizationName>Centro Nacional Patagónico - CONICET</organizationName><positionName>Professional support to research</positionName>    <address>
<deliveryPoint>Bv. Almirante Brown 2915</deliveryPoint><city>Puerto Madryn</city><administrativeArea>Chubut</administrativeArea><postalCode>U9120ACD</postalCode><country>ARGENTINA</country>    </address>
<phone>+54 280 4883184 (int. 1202)</phone><electronicMailAddress>marin@cenpat-conicet.gob.ar</electronicMailAddress>      </contact>
      <methods>
            <methodStep>
                <description>
                    <para>--</para>
                </description>
            </methodStep>
            <sampling>
                <studyExtent>
                    <description>
                        <para>--</para>
                    </description>
                </studyExtent>
                <samplingDescription>
                    <para>Censuses on foot of the entire colony of Península Valdés during the peak of the breeding season (October 3-7). Reports of solitary individuals along the Atlantic and Pacific coasts of South America and offshore islands. 

Platform: COASTAL STATIONS; FIELD SURVEYS; GROUND-BASED OBSERVATIONS. 

Instrument: Cameras; GPS; BINOCULAR.</para>
                </samplingDescription>
            </sampling>
            <qualityControl>
                <description>
                    <para>Historic references of individuals located along South America coast and offshore islands are opportunistic sightings. When the position ashore was not reported it was estimated from digitalized maps. Positioned groups during the breeding season are highly accurate, and belong to long term research on southern elephant seals in Patagonia.</para>
                </description>
            </qualityControl>
      </methods>

</dataset>

<additionalMetadata>
    <metadata>
      <gbif>
        <dateStamp>2017-06-15T01:59:44Z</dateStamp>
      <citation>Lewis M N, Campagna C, Marin M R (2017). Distribution ashore and breeding places of southern elephant seals. ArOBIS Centro Nacional Patagónico. Occurrence Dataset https://doi.org/10.15468/oaw9m0 accessed via GBIF.org on 2017-06-15.</citation>
              <bibliography>
      <citation identifier="DOI: 10.1017/S0954102006000253">LEWIS M., C. CAMPAGNA, M.R. MARIN &amp; T. FERNANDEZ (2006). Southern elephant
seals north of the antarctic polar front. Antarctic Science 18(2):213-221.</citation>
      <citation>LEWIS, M. and C. CAMPAGNA. 2002. Los elefantes marinos de Península Valdés.
Ciencia Hoy, Vol 12 (69):12-22.</citation>
              </bibliography>
              <resourceLogoUrl>http://arobis.cenpat-conicet.gob.ar:8081/logo.do?r=arobis-sealsii</resourceLogoUrl>
        </gbif>
    </metadata>
</additionalMetadata>

</eml:eml>
