<?xml version="1.0" encoding="utf-8"?>
<eml:eml xmlns:eml="eml://ecoinformatics.org/eml-2.1.1" xmlns:xsi="http://www.w3.org/2001/XMLSchema-instance"
         xsi:schemaLocation="eml://ecoinformatics.org/eml-2.1.1 http://rs.gbif.org/schema/eml-gbif-profile/1.1/eml.xsd"
        packageId="84a649ce-ff81-420d-9c41-aa1de59e3766"  system="http://gbif.org" scope="system"
  xml:lang="en">

<dataset>
      <alternateIdentifier>doi:10.15468/jayxmn</alternateIdentifier>
        <alternateIdentifier>745d74dc-552b-3c18-a18e-956683e92cb8</alternateIdentifier>
        <alternateIdentifier>14119</alternateIdentifier>
    <title>Individual Sightings</title>
    <creator>
<organizationName>Citizen Science - ALA Website</organizationName>    </creator>
    <metadataProvider>
<organizationName>Citizen Science - ALA Website</organizationName>    </metadataProvider>
    <associatedParty>
<organizationName>Atlas of Living Australia</organizationName>    <address>
<deliveryPoint>CSIRO Ecosystems Services</deliveryPoint><city>Canberra</city><administrativeArea>ACT</administrativeArea><postalCode>2605</postalCode><country>AUSTRALIA</country>    </address>
<electronicMailAddress>info@ala.org.au</electronicMailAddress>    <role>DISTRIBUTOR</role>
    </associatedParty>
      <pubDate>
      2015-04-23
      </pubDate>
    <language>ENGLISH</language>
    <abstract>
        <para>This dataset consists of individual sightings submitted by the general public through the ALA website. These are ad-hoc sightings with and without images which have not been vetted by experts.
This is the ALA instance of Citizen science portal integrated into the ALA website</para>
    </abstract>
      <intellectualRights>
        <para>This work is licensed under a <ulink url="http://creativecommons.org/licenses/by/4.0/legalcode"><citetitle>Creative Commons Attribution (CC-BY) 4.0 License</citetitle></ulink>.</para>
      </intellectualRights>
      <distribution scope="document">
          <online>
              <url function="information">http://collections.ala.org.au/public/show/dr364</url>
          </online>
      </distribution>
      <contact>
    <individualName>
<givenName>Dave</givenName>        <surName>Martin</surName>
    </individualName>
<positionName>editor</positionName><phone>0262464439</phone><electronicMailAddress>David.Martin@csiro.au</electronicMailAddress>      </contact>

</dataset>

<additionalMetadata>
    <metadata>
      <gbif>
        <dateStamp>2017-06-15T01:59:32Z</dateStamp>
      <citation>(2015). Individual Sightings. Citizen Science - ALA Website. Occurrence Dataset https://doi.org/10.15468/jayxmn accessed via GBIF.org on 2017-06-15.</citation>
        </gbif>
    </metadata>
</additionalMetadata>

</eml:eml>
