<?xml version="1.0" encoding="utf-8"?>
<eml:eml xmlns:eml="eml://ecoinformatics.org/eml-2.1.1" xmlns:xsi="http://www.w3.org/2001/XMLSchema-instance"
         xsi:schemaLocation="eml://ecoinformatics.org/eml-2.1.1 http://rs.gbif.org/schema/eml-gbif-profile/1.1/eml.xsd"
        packageId="85818aea-f762-11e1-a439-00145eb45e9a"  system="http://gbif.org" scope="system"
  xml:lang="en">

<dataset>
      <alternateIdentifier>doi:10.15468/uw1buh</alternateIdentifier>
        <alternateIdentifier>1430</alternateIdentifier>
    <title>The System-wide Information Network for Genetic Resources (SINGER)</title>
    <associatedParty>
<electronicMailAddress>E.ARNAUD@CGIAR.ORG</electronicMailAddress>    <role>POINT_OF_CONTACT</role>
    </associatedParty>
    <language>en</language>
    <abstract>
        <para>The System-wide Information Network for Genetic Resources (SINGER) is an information exchange network of the Future Harvest Centres of the Consultative Group on International Agricultural Research (CGIAR) and associated partners.</para>
    </abstract>
      <intellectualRights>
        <para>This work is licensed under a <ulink url="http://creativecommons.org/licenses/by/4.0/legalcode"><citetitle>Creative Commons Attribution (CC-BY) 4.0 License</citetitle></ulink>.</para>
      </intellectualRights>

</dataset>

<additionalMetadata>
    <metadata>
      <gbif>
        <dateStamp>2017-06-15T01:59:43Z</dateStamp>
      <citation>The System-wide Information Network for Genetic Resources (SINGER). Bioversity International. Occurrence Dataset https://doi.org/10.15468/uw1buh accessed via GBIF.org on 2017-06-15.</citation>
        </gbif>
    </metadata>
</additionalMetadata>

</eml:eml>
