<?xml version="1.0" encoding="utf-8"?>
<eml:eml xmlns:eml="eml://ecoinformatics.org/eml-2.1.1" xmlns:xsi="http://www.w3.org/2001/XMLSchema-instance"
         xsi:schemaLocation="eml://ecoinformatics.org/eml-2.1.1 http://rs.gbif.org/schema/eml-gbif-profile/1.1/eml.xsd"
        packageId="8c27c8c4-4eb5-49e4-9c06-1b702506d904"  system="http://gbif.org" scope="system"
  xml:lang="en">

<dataset>
      <alternateIdentifier>doi:10.1594/pangaea.811802</alternateIdentifier>
    <title>(Appendix B) Distribution of planktonic foraminifera at DSDP Hole 72-518</title>
    <associatedParty>
    </associatedParty>
    <language>en</language>
    <abstract>
        <para></para>
    </abstract>
      <intellectualRights>
        <para>This work is licensed under a <ulink url="http://creativecommons.org/licenses/by/4.0/legalcode"><citetitle>Creative Commons Attribution (CC-BY) 4.0 License</citetitle></ulink>.</para>
      </intellectualRights>
      <distribution scope="document">
          <online>
              <url function="information">http://doi.pangaea.de/doi:10.1594/PANGAEA.811802</url>
          </online>
      </distribution>

</dataset>

<additionalMetadata>
    <metadata>
      <gbif>
        <dateStamp>2017-06-15T01:59:41Z</dateStamp>
      <citation>(Appendix B) Distribution of planktonic foraminifera at DSDP Hole 72-518. PANGAEA - Publishing Network for Geoscientific and Environmental Data. Occurrence Dataset https://doi.org/10.1594/pangaea.811802 accessed via GBIF.org on 2017-06-15.</citation>
        </gbif>
    </metadata>
</additionalMetadata>

</eml:eml>
