<?xml version="1.0" encoding="utf-8"?>
<eml:eml xmlns:eml="eml://ecoinformatics.org/eml-2.1.1" xmlns:xsi="http://www.w3.org/2001/XMLSchema-instance"
         xsi:schemaLocation="eml://ecoinformatics.org/eml-2.1.1 http://rs.gbif.org/schema/eml-gbif-profile/1.1/eml.xsd"
        packageId="96180cd0-f762-11e1-a439-00145eb45e9a"  system="http://gbif.org" scope="system"
  xml:lang="en">

<dataset>
      <alternateIdentifier>doi:10.15468/oc9tsb</alternateIdentifier>
        <alternateIdentifier>8068</alternateIdentifier>
    <title>Senckenberg - CeDAMar Resource</title>
    <language>en</language>
    <abstract>
        <para>This is the DiGIR provider for CeDAMar.</para>
    </abstract>
      <intellectualRights>
        <para>This work is licensed under a <ulink url="http://creativecommons.org/licenses/by-nc/4.0/legalcode"><citetitle>Creative Commons Attribution Non Commercial (CC-BY-NC) 4.0 License</citetitle></ulink>.</para>
      </intellectualRights>
      <distribution scope="document">
          <online>
              <url function="information">http://www.cedamar.org</url>
          </online>
      </distribution>
      <contact>
<phone>+49 4421 9475-100</phone><electronicMailAddress>pmartinez_at_senckenberg.de</electronicMailAddress>      </contact>

</dataset>

<additionalMetadata>
    <metadata>
      <gbif>
        <dateStamp>2017-06-15T01:59:33Z</dateStamp>
      <citation>Senckenberg - CeDAMar Resource. Senckenberg - CeDAMar Provider. Occurrence Dataset https://doi.org/10.15468/oc9tsb accessed via GBIF.org on 2017-06-15.</citation>
        </gbif>
    </metadata>
</additionalMetadata>

</eml:eml>
