<?xml version="1.0" encoding="utf-8"?>
<eml:eml xmlns:eml="eml://ecoinformatics.org/eml-2.1.1" xmlns:xsi="http://www.w3.org/2001/XMLSchema-instance"
         xsi:schemaLocation="eml://ecoinformatics.org/eml-2.1.1 http://rs.gbif.org/schema/eml-gbif-profile/1.1/eml.xsd"
        packageId="9f17221a-195b-4005-8773-683fcdf559e8"  system="http://gbif.org" scope="system"
  xml:lang="en">

<dataset>
      <alternateIdentifier>doi:10.15468/w4svvx</alternateIdentifier>
        <alternateIdentifier>http://168.96.62.13:8080/ipt/resource?r=macnor</alternateIdentifier>
        <alternateIdentifier>9f17221a-195b-4005-8773-683fcdf559e8</alternateIdentifier>
        <alternateIdentifier>11292</alternateIdentifier>
    <title>Museo Argentino de Ciencias Naturales &quot;Bernardino Rivadavia&quot; (MACN). Ornithology National Collection (MACNOr)</title>
    <creator>
    <individualName>
<givenName>Pablo</givenName>        <surName>Tubario</surName>
    </individualName>
<organizationName>Museo Argentino de Ciencias Naturales &apos;Bernardino Rivadavia&apos;</organizationName><positionName>Curador</positionName>    <address>
<deliveryPoint>Av. Angel Gallardo 470</deliveryPoint><city>Ciudad Autónoma de Buenos Aires</city><administrativeArea>C.A.B.A.</administrativeArea><postalCode>C1405DJR</postalCode><country>ARGENTINA</country>    </address>
<phone>(5411) 4982-0306 / 1154 / 5243 / 4494</phone><electronicMailAddress>pltubaro@gmail.com</electronicMailAddress>    </creator>
    <metadataProvider>
    <individualName>
<givenName>Daniel</givenName>        <surName>Rodríguez</surName>
    </individualName>
<electronicMailAddress>drodriguez@macn.gov.ar</electronicMailAddress>    </metadataProvider>
      <pubDate>
      2017-05-17
      </pubDate>
    <language>SPANISH</language>
    <abstract>
        <para>Database of the collection of Ornitology contains records mainly of the orders Passeriformes, Charadriformes, and Anseriformes from Argentina. Other bird orders and countries are represented by fewer records.</para>
    </abstract>
        <keywordSet>
              <keyword>Occurrence</keyword>
              <keywordThesaurus>GBIF Dataset Type Vocabulary: http://rs.gbif.org/vocabulary/gbif/dataset_type.xml</keywordThesaurus>
        </keywordSet>
        <keywordSet>
              <keyword>Specimen</keyword>
              <keywordThesaurus>GBIF Dataset Subtype Vocabulary: http://rs.gbif.org/vocabulary/gbif/dataset_subtype.xml</keywordThesaurus>
        </keywordSet>
      <intellectualRights>
        <para>This work is licensed under a <ulink url="http://creativecommons.org/licenses/by/4.0/legalcode"><citetitle>Creative Commons Attribution (CC-BY) 4.0 License</citetitle></ulink>.</para>
      </intellectualRights>
      <maintenance>
          <description>
              <para></para>
          </description>
          <maintenanceUpdateFrequency>monthly</maintenanceUpdateFrequency>
      </maintenance>
      <contact>
    <individualName>
<givenName>Pablo</givenName>        <surName>Tubario</surName>
    </individualName>
<organizationName>Museo Argentino de Ciencias Naturales &apos;Bernardino Rivadavia&apos;</organizationName><positionName>Curador</positionName>    <address>
<deliveryPoint>Av. Angel Gallardo 470</deliveryPoint><city>Ciudad Autónoma de Buenos Aires</city><administrativeArea>C.A.B.A</administrativeArea><postalCode>C1405DJR</postalCode><country>ARGENTINA</country>    </address>
<phone>(5411) 4982-0306 / 1154 / 5243 / 4494</phone><electronicMailAddress>pltubaro@gmail.com</electronicMailAddress>      </contact>

</dataset>

<additionalMetadata>
    <metadata>
      <gbif>
        <dateStamp>2017-06-15T01:59:28Z</dateStamp>
      <citation>Tubario P, Rodríguez D (2017). Museo Argentino de Ciencias Naturales &quot;Bernardino Rivadavia&quot; (MACN). Ornithology National Collection (MACNOr). Version 1.3. Museo Argentino de Ciencias Naturales. Occurrence Dataset https://doi.org/10.15468/w4svvx accessed via GBIF.org on 2017-06-15.</citation>
              <resourceLogoUrl>http://168.96.62.13:8080/ipt/logo.do?r=macnor</resourceLogoUrl>
        </gbif>
    </metadata>
</additionalMetadata>

</eml:eml>
