<?xml version="1.0" encoding="utf-8"?>
<eml:eml xmlns:eml="eml://ecoinformatics.org/eml-2.1.1" xmlns:xsi="http://www.w3.org/2001/XMLSchema-instance"
         xsi:schemaLocation="eml://ecoinformatics.org/eml-2.1.1 http://rs.gbif.org/schema/eml-gbif-profile/1.1/eml.xsd"
        packageId="e2483380-16f7-11df-b5b3-b8a03c50a862"  system="http://gbif.org" scope="system"
  xml:lang="es">

<dataset>
      <alternateIdentifier>doi:10.15468/s5t7po</alternateIdentifier>
        <alternateIdentifier>10868</alternateIdentifier>
    <title>VERTEBRADOS DE VALOR ESPECIAL EN ÁREAS PROTEGIDAS DE LA ARGENTINA</title>
    <associatedParty>
<positionName>[data administrator, system administrator]</positionName><electronicMailAddress>mgross@apn.gov.ar</electronicMailAddress>    </associatedParty>
    <language>en</language>
    <abstract>
        <para>Avistajes de vertebrados de valor especial en las áreas protegidas de la Argentina, registrados por guardaparques y técnicos del sistema de áreas protegidas.</para>
    </abstract>
      <intellectualRights>
        <para>This work is licensed under a <ulink url="http://creativecommons.org/licenses/by/4.0/legalcode"><citetitle>Creative Commons Attribution (CC-BY) 4.0 License</citetitle></ulink>.</para>
      </intellectualRights>
      <distribution scope="document">
          <online>
              <url function="information">http://www.sib.gov.ar/tapirlink-0.7.0/www/tapir.php/APN-CHORDATA</url>
          </online>
      </distribution>

</dataset>

<additionalMetadata>
    <metadata>
      <gbif>
        <dateStamp>2017-06-15T01:59:41Z</dateStamp>
      <citation>VERTEBRADOS DE VALOR ESPECIAL EN ÁREAS PROTEGIDAS DE LA ARGENTINA. Administración de Parques Nacionales, Argentina. Occurrence Dataset https://doi.org/10.15468/s5t7po accessed via GBIF.org on 2017-06-15.</citation>
        </gbif>
    </metadata>
</additionalMetadata>

</eml:eml>
