<?xml version="1.0" encoding="utf-8"?>
<eml:eml xmlns:eml="eml://ecoinformatics.org/eml-2.1.1" xmlns:xsi="http://www.w3.org/2001/XMLSchema-instance"
         xsi:schemaLocation="eml://ecoinformatics.org/eml-2.1.1 http://rs.gbif.org/schema/eml-gbif-profile/1.1/eml.xsd"
        packageId="10.15468/dl.indh75"  system="http://gbif.org" scope="system"
  xml:lang="en">

<dataset>
        <alternateIdentifier>0101012-160910150852091</alternateIdentifier>
    <title>GBIF Occurrence Download 10.15468/dl.indh75</title>
    <creator>
    <individualName>
        <surName>GBIF Download Service</surName>
    </individualName>
<electronicMailAddress>support@gbif.org</electronicMailAddress>    </creator>
    <metadataProvider>
    <individualName>
        <surName>GBIF Download Service</surName>
    </individualName>
<electronicMailAddress>support@gbif.org</electronicMailAddress>    </metadataProvider>
    <associatedParty>
    <individualName>
<givenName>Pablo</givenName>        <surName>Tubario</surName>
    </individualName>
<organizationName>Museo Argentino de Ciencias Naturales &apos;Bernardino Rivadavia&apos;</organizationName><positionName>Curador</positionName>    <address>
<deliveryPoint>Av. Angel Gallardo 470</deliveryPoint><city>Ciudad Autónoma de Buenos Aires</city><administrativeArea>C.A.B.A.</administrativeArea><postalCode>C1405DJR</postalCode><country>ARGENTINA</country>    </address>
<phone>(5411) 4982-0306 / 1154 / 5243 / 4494</phone><electronicMailAddress>pltubaro@gmail.com</electronicMailAddress>    <role>CONTENT_PROVIDER</role>
    </associatedParty>
    <associatedParty>
    <individualName>
<givenName>Tatiana</givenName>        <surName>Teixeira de Souza Chies</surName>
    </individualName>
<organizationName>Universidade Federal do Rio Grande do Sul (UFRGS)</organizationName><positionName>Curador</positionName>    <address>
<deliveryPoint>Herbário ICN, Instituto de Biociências, UFRGS. Prédio 43433, bloco IV.; Av. Bento Gonçalves, 9500. Bairro Agronomia.</deliveryPoint><city>Porto Alegre</city><administrativeArea>Rio Grande do Sul</administrativeArea><postalCode>91501-970</postalCode><country>BRAZIL</country>    </address>
<phone>+55 51 3308-7569</phone><electronicMailAddress>tatiana.chies@ufrgs.br</electronicMailAddress><onlineUrl>http://icnbio.ufrgs.br/icn/</onlineUrl>    <role>CONTENT_PROVIDER</role>
    </associatedParty>
    <associatedParty>
    <individualName>
<givenName>Kirstin</givenName>        <surName>Williams</surName>
    </individualName>
<organizationName>Durban Natural Science Museum</organizationName><positionName>Entomologist</positionName>    <address>
<deliveryPoint>P O Box, 4085</deliveryPoint><city>Durban</city><administrativeArea>KwaZulu-Natal</administrativeArea><postalCode>4001</postalCode><country>SOUTH_AFRICA</country>    </address>
<phone>0313054162/4/5/7</phone><electronicMailAddress>williamsk@durban.gov.za</electronicMailAddress>    <role>CONTENT_PROVIDER</role>
    </associatedParty>
    <associatedParty>
    <individualName>
<givenName>Valéria</givenName>        <surName>Cassano</surName>
    </individualName>
<organizationName>Universidade de São Paulo (USP)</organizationName><positionName>Curador</positionName>    <address>
<deliveryPoint>Rua do Matão,277, Cidade Universitária; Caixa Postal: 11461</deliveryPoint><city>São Paulo</city><administrativeArea>São Paulo</administrativeArea><postalCode>05508-900</postalCode><country>BRAZIL</country>    </address>
<phone>+55 11 3091-7630</phone><electronicMailAddress>vcassano@usp.br</electronicMailAddress><onlineUrl>http://splink.cria.org.br/manager/detail?resource=SPF-Algae</onlineUrl>    <role>CONTENT_PROVIDER</role>
    </associatedParty>
    <associatedParty>
    <individualName>
<givenName>Washington</givenName>        <surName>Marcondes-Ferreira</surName>
    </individualName>
<organizationName>Universidade Estadual de Campinas (UNICAMP)</organizationName><positionName>Curador</positionName>    <address>
<deliveryPoint>Departamento de Botânica, IB, UNICAMP; Caixa Postal 6109</deliveryPoint><city>Campinas</city><administrativeArea>São Paulo</administrativeArea><postalCode>13083-970</postalCode><country>BRAZIL</country>    </address>
<phone>+55 19 3521-6179</phone><electronicMailAddress>marconde@unicamp.br</electronicMailAddress><onlineUrl>http://www.ib.unicamp.br/herbario</onlineUrl>    <role>CONTENT_PROVIDER</role>
    </associatedParty>
    <associatedParty>
    <individualName>
<givenName>Michael</givenName>        <surName>Norén</surName>
    </individualName>
<organizationName>Swedish Museum of Natural History</organizationName><positionName>Intendant</positionName>    <address>
<country>SWEDEN</country>    </address>
    <role>CONTENT_PROVIDER</role>
    </associatedParty>
    <associatedParty>
    <individualName>
<givenName>Paulo</givenName>        <surName>Labiak</surName>
    </individualName>
<organizationName>Universidade Federal do Paraná (UFPR)</organizationName><positionName>Curador</positionName>    <address>
<deliveryPoint>Herbário, Depto. Botânica / SCB / UFPR;Caixa Postal 19031</deliveryPoint><city>Curitiba</city><administrativeArea>Paraná</administrativeArea><postalCode>81531-970</postalCode><country>BRAZIL</country>    </address>
<phone>+55 41 3361-1627</phone><electronicMailAddress>plabiak@ufpr.br</electronicMailAddress><onlineUrl>http://splink.cria.org.br/manager/detail?resource=UPCB</onlineUrl>    <role>CONTENT_PROVIDER</role>
    </associatedParty>
    <associatedParty>
    <individualName>
        <surName>MNHN</surName>
    </individualName>
<organizationName>MNHN</organizationName><positionName>Provider</positionName>    <role>CONTENT_PROVIDER</role>
    </associatedParty>
    <associatedParty>
    <individualName>
<givenName>José</givenName>        <surName>Tadeu Weidlich Motta</surName>
    </individualName>
<organizationName>Museu Botânico Municipal (MBM)</organizationName><positionName>Curador</positionName>    <address>
<deliveryPoint>Caixa Postal 1142</deliveryPoint><city>Curitiba</city><administrativeArea>Paraná</administrativeArea><postalCode>80.001-970</postalCode><country>BRAZIL</country>    </address>
<phone>+55 41 3362-1800</phone><electronicMailAddress>jomotta@smma.curitiba.pr.gov.br</electronicMailAddress><onlineUrl>http://splink.cria.org.br/manager/detail?resource=MBM</onlineUrl>    <role>CONTENT_PROVIDER</role>
    </associatedParty>
    <associatedParty>
    <individualName>
<givenName>Taciana</givenName>        <surName>Barbosa Cavalcanti</surName>
    </individualName>
<organizationName>Embrapa Recursos Genéticos e Biotecnologia (Cenargen)</organizationName><positionName>Curador</positionName>    <address>
<deliveryPoint>Pq. Estação Biológica, W5 Norte Final, CP 02372, Asa Norte</deliveryPoint><city>Brasília</city><administrativeArea>Distrito Federal</administrativeArea><postalCode>70770-917</postalCode><country>BRAZIL</country>    </address>
<phone>+55 61 3448-4651</phone><electronicMailAddress>taciana.cavalcanti@embrapa.br</electronicMailAddress><onlineUrl>http://splink.cria.org.br/manager/detail?resource=CEN</onlineUrl>    <role>CONTENT_PROVIDER</role>
    </associatedParty>
    <associatedParty>
    <individualName>
<givenName>Rafaela</givenName>        <surName>Forzza</surName>
    </individualName>
<organizationName>Rio de Janeiro Botanical Garden</organizationName><positionName>Curator</positionName>    <address>
<deliveryPoint>Rua Pacheco Leão 915</deliveryPoint><city>Rio de Janeiro</city><administrativeArea>RJ</administrativeArea><postalCode>22460-030</postalCode><country>BRAZIL</country>    </address>
<phone>55 21 3204 2082</phone><electronicMailAddress>rafaela@jbrj.gov.br</electronicMailAddress>    <role>CONTENT_PROVIDER</role>
    </associatedParty>
    <associatedParty>
    <individualName>
<givenName>Larry</givenName>        <surName>Gall</surName>
    </individualName>
<organizationName>Yale Peabody Museum</organizationName><positionName>Head, Computer Systems Office</positionName>    <address>
<deliveryPoint>170 Whitney Avenue</deliveryPoint><city>New Haven</city><administrativeArea>CT</administrativeArea><postalCode>06511</postalCode><country>UNITED_STATES</country>    </address>
<phone>203-432-9892</phone><electronicMailAddress>lawrence.gall@yale.edu</electronicMailAddress><onlineUrl>http://www.peabody.yale.edu</onlineUrl>    <role>CONTENT_PROVIDER</role>
    </associatedParty>
    <associatedParty>
<organizationName>Citizen Science - ALA Website</organizationName>    <role>CONTENT_PROVIDER</role>
    </associatedParty>
    <associatedParty>
    <individualName>
<givenName>Cristina</givenName>        <surName>Damborenea</surName>
    </individualName>
<organizationName>Museo de La Plata</organizationName><positionName>Curador de Colecciones de Zoologia Invertebrados</positionName>    <address>
<deliveryPoint>Paseo del Bosque S/N</deliveryPoint><city>La Plata</city><administrativeArea>Buenos Aires</administrativeArea><postalCode>1900</postalCode><country>ARGENTINA</country>    </address>
<phone>54 221 4257744 (132)</phone><electronicMailAddress>cdambor@fcnym.unlp.edu.ar</electronicMailAddress>    <role>CONTENT_PROVIDER</role>
    </associatedParty>
    <associatedParty>
    <individualName>
<givenName>Wayne</givenName>        <surName>Florence</surName>
    </individualName>
<organizationName>Iziko South African Museum</organizationName><positionName>Data manager</positionName>    <address>
<deliveryPoint>Iziko South African Museum, PO Box 61</deliveryPoint><city>Cape Town</city><administrativeArea>Western Cape</administrativeArea><postalCode>8000</postalCode><country>SOUTH_AFRICA</country>    </address>
<phone>0214813919</phone><electronicMailAddress>wflorence@iziko.org.za</electronicMailAddress><onlineUrl>http://www.iziko.org.za</onlineUrl>    <role>CONTENT_PROVIDER</role>
    </associatedParty>
    <associatedParty>
    <individualName>
<givenName>Luciano</givenName>        <surName>Paganucci Queiroz</surName>
    </individualName>
<organizationName>Universidade Estadual de Feira de Santana (UEFS)</organizationName><positionName>Curador</positionName>    <address>
<deliveryPoint>Av. Transnordestina, s/n.</deliveryPoint><city>Feira de Santana</city><administrativeArea>Bahia</administrativeArea><postalCode>44036-900</postalCode><country>BRAZIL</country>    </address>
<phone>+55 75 3224-8021</phone><electronicMailAddress>herbario@uefs.br</electronicMailAddress><onlineUrl>http://splink.cria.org.br/manager/detail?resource=HUEFS</onlineUrl>    <role>CONTENT_PROVIDER</role>
    </associatedParty>
    <associatedParty>
    <individualName>
<givenName>Bradley</givenName>        <surName>Millen</surName>
    </individualName>
<organizationName>Royal Ontario Museum</organizationName><positionName>Database Technician</positionName>    <address>
<deliveryPoint>100 Queen&apos;s Park</deliveryPoint><city>Toronto</city><administrativeArea>Ontario</administrativeArea><postalCode>M5S 2C6</postalCode><country>CANADA</country>    </address>
<phone>1-416-586-5768</phone><electronicMailAddress>bradm@rom.on.ca</electronicMailAddress>    <role>CONTENT_PROVIDER</role>
    </associatedParty>
    <associatedParty>
    <individualName>
<givenName>Larry</givenName>        <surName>Gall</surName>
    </individualName>
<organizationName>Yale Peabody Museum</organizationName><positionName>Head, Computer Systems Office</positionName>    <address>
<deliveryPoint>170 Whitney Avenue</deliveryPoint><city>New Haven</city><administrativeArea>CT</administrativeArea><postalCode>06511</postalCode><country>UNITED_STATES</country>    </address>
<phone>203-432-9892</phone><electronicMailAddress>lawrence.gall@yale.edu</electronicMailAddress><onlineUrl>http://www.peabody.yale.edu</onlineUrl>    <role>CONTENT_PROVIDER</role>
    </associatedParty>
    <associatedParty>
    <individualName>
<givenName>Tom</givenName>        <surName>Trombone</surName>
    </individualName>
<organizationName>American Museum of Natural History</organizationName><positionName>Data Manager</positionName>    <address>
<deliveryPoint>Central Park West at 79th Street</deliveryPoint><city>New York</city><administrativeArea>NY</administrativeArea><postalCode>10024</postalCode><country>UNITED_STATES</country>    </address>
<phone>+01 212-313-7783</phone><electronicMailAddress>trombone@amnh.org</electronicMailAddress><onlineUrl>http://www.amnh.org/</onlineUrl>    <role>CONTENT_PROVIDER</role>
    </associatedParty>
    <associatedParty>
    <individualName>
<givenName>Marlene</givenName>        <surName>Carvalho de Alencar Barbosa</surName>
    </individualName>
<organizationName>Universidade Federal de Pernambuco (UFPE)</organizationName><positionName>Curador</positionName>    <address>
<deliveryPoint>Av. Prof. Moraes Rego, s/n. Cidade Universitária</deliveryPoint><city>Recife</city><administrativeArea>Pernambuco</administrativeArea><postalCode>50670-901</postalCode><country>BRAZIL</country>    </address>
<phone>+55 81 2126-8847</phone><electronicMailAddress>marlenealencar@yahoo.com.br</electronicMailAddress><onlineUrl>http://www.ufpe.br/ccb/index.php?option=com_content&amp;view=article&amp;id=300&amp;Itemid=270</onlineUrl>    <role>CONTENT_PROVIDER</role>
    </associatedParty>
    <associatedParty>
    <individualName>
<givenName>Thomas</givenName>        <surName>Orrell</surName>
    </individualName>
<organizationName>National Museum of Natural History, Smithsonian Institution</organizationName><positionName>Branch Chief, NMNH Informatics</positionName>    <address>
<deliveryPoint>P.O. Box 37012, MRC 136</deliveryPoint><city>Washington</city><administrativeArea>DC</administrativeArea><postalCode>20013-7012</postalCode><country>UNITED_STATES</country>    </address>
<phone>202-633-2151</phone><electronicMailAddress>orrellt@si.edu</electronicMailAddress><onlineUrl>http://collections.mnh.si.edu</onlineUrl>    <role>CONTENT_PROVIDER</role>
    </associatedParty>
    <associatedParty>
    <individualName>
<givenName>Felipe</givenName>        <surName>Gonzatti</surName>
    </individualName>
<organizationName>Universidade de Caxias do Sul (UCS)</organizationName><positionName>Curador</positionName>    <address>
<deliveryPoint>Francisco Getulio Vargas, 1130 Petrópolis</deliveryPoint><city>Caxias do Sul</city><administrativeArea>Rio Grande do Sul</administrativeArea><postalCode>95010-972</postalCode><country>BRAZIL</country>    </address>
<phone>+55 54 9994-6262</phone><electronicMailAddress>fgonzatti@yahoo.com</electronicMailAddress><onlineUrl>http://splink.cria.org.br/manager/detail?resource=HUCS</onlineUrl>    <role>CONTENT_PROVIDER</role>
    </associatedParty>
    <associatedParty>
    <individualName>
<givenName>Ângela</givenName>        <surName>Maria de Miranda Freitas</surName>
    </individualName>
<organizationName>Universidade Federal Rural de Pernambuco (UFRPE)</organizationName><positionName>Curador</positionName>    <address>
<deliveryPoint>Herbário Sérgio Tavares; Av. Dom Manoel de Medeiros s/n- Dois Irmãos</deliveryPoint><city>Recife</city><administrativeArea>Pernambuco</administrativeArea><postalCode>52.171-900</postalCode><country>BRAZIL</country>    </address>
<phone>+55 81 9975-0145</phone><electronicMailAddress>pepita.miranda@hotmail.com</electronicMailAddress><onlineUrl>http://www.ufrpe.br</onlineUrl>    <role>CONTENT_PROVIDER</role>
    </associatedParty>
    <associatedParty>
    <individualName>
<givenName>Nádia</givenName>        <surName>Roque</surName>
    </individualName>
<organizationName>Universidade Federal da Bahia UFBA</organizationName><positionName>Curador</positionName>    <address>
<deliveryPoint>Universidade Federal da Bahia, Instituto de Biologia; Av. Barão de Jeremoabo s/n - Campus de Ondina; Telefone: (71) 3283-6590</deliveryPoint><city>Salvador</city><administrativeArea>Bahia</administrativeArea><postalCode>40170-115</postalCode><country>BRAZIL</country>    </address>
<phone>+55 71 3283-6529</phone><electronicMailAddress>nadiaroque@gmail.com</electronicMailAddress><onlineUrl>http://splink.cria.org.br/manager/detail?resource=ALCB</onlineUrl>    <role>CONTENT_PROVIDER</role>
    </associatedParty>
    <associatedParty>
    <individualName>
<givenName>Teresa</givenName>        <surName>Mayfield</surName>
    </individualName>
<organizationName>University of Texas at El Paso</organizationName><positionName>Manager, UTEP Biodiversity Collections</positionName>    <address>
<deliveryPoint>500 West University Avenue, Biology Bldg. #222</deliveryPoint><city>El Paso</city><administrativeArea>TX</administrativeArea><postalCode>79968</postalCode><country>UNITED_STATES</country>    </address>
<phone>+01 915-747-5479</phone><electronicMailAddress>tmayfield@utep.edu</electronicMailAddress><onlineUrl>http://www.utep.edu/leb/default.htm</onlineUrl>    <role>CONTENT_PROVIDER</role>
    </associatedParty>
    <associatedParty>
    <individualName>
<givenName>Ana</givenName>        <surName>Odete Santos Vieira</surName>
    </individualName>
<organizationName>Universidade Estadual de Londrina (UEL)</organizationName><positionName>Curadora</positionName>    <address>
<deliveryPoint>Rodovia Celso Garcia Cid, PR 445 Km 380, Campus Universitário; Cx. Postal 10.011</deliveryPoint><city>Londrina</city><administrativeArea>Paraná</administrativeArea><postalCode>86057-970</postalCode><country>BRAZIL</country>    </address>
<phone>+55 43 3371-4946</phone><electronicMailAddress>aovieira@uel.br</electronicMailAddress><onlineUrl>http://splink.cria.org.br/manager/detail?resource=FUEL</onlineUrl>    <role>CONTENT_PROVIDER</role>
    </associatedParty>
    <associatedParty>
    <individualName>
<givenName>João</givenName>        <surName>Renato Stehmann</surName>
    </individualName>
<organizationName>Instituto de Ciências Biológicas - Universidade Federal de Minas Gerais ICB</organizationName><positionName>Curador</positionName>    <address>
<deliveryPoint>Departamento de Botânica - ICB - UFMG; Caixa Postal 486</deliveryPoint><city>Belo Horizonte</city><administrativeArea>Minas Gerais</administrativeArea><postalCode>30123-970</postalCode><country>BRAZIL</country>    </address>
<phone>+55 31 3409-2670</phone><electronicMailAddress>stehmann@ufmg.br</electronicMailAddress>    <role>CONTENT_PROVIDER</role>
    </associatedParty>
    <associatedParty>
    <individualName>
<givenName>Maria</givenName>        <surName>Elizabeth Bandeira-Pedrosa</surName>
    </individualName>
<organizationName>Universidade Federal Rural de Pernambuco (UFRPE)</organizationName><positionName>Curador</positionName>    <address>
<deliveryPoint>Rua Dom Manoel de Medeiros, s/n - Dois Irmãos</deliveryPoint><city>Recife</city><administrativeArea>Pernambuco</administrativeArea><postalCode>52171-900</postalCode><country>BRAZIL</country>    </address>
<phone>+55 81 3320-6354</phone><electronicMailAddress>peufr@db.ufrpe.br</electronicMailAddress><onlineUrl>http://splink.cria.org.br/manager/detail?resource=PEUFR</onlineUrl>    <role>CONTENT_PROVIDER</role>
    </associatedParty>
    <associatedParty>
    <individualName>
<givenName>Darío Oscar</givenName>        <surName>Villegas</surName>
    </individualName>
<organizationName>Instituto de Botánica del Nordeste</organizationName><positionName>Responsable Informático</positionName>    <address>
<deliveryPoint>Sargento Juan Bautista Cabral 2131</deliveryPoint><city>Corrientes</city><administrativeArea>Corrientes</administrativeArea><postalCode>3402BKG</postalCode><country>ARGENTINA</country>    </address>
    <role>CONTENT_PROVIDER</role>
    </associatedParty>
    <associatedParty>
    <individualName>
<givenName>Célia</givenName>        <surName>SantAnna</surName>
    </individualName>
<organizationName>Instituto de Botânica (IBt)</organizationName><positionName>Curador</positionName>    <address>
<deliveryPoint>Instituto de Botânica; Av. Miguel Stefano, 3087; Água Funda; Entrada pela portaria II</deliveryPoint><city>São Paulo</city><administrativeArea>São Paulo</administrativeArea><country>BRAZIL</country>    </address>
<phone>+55 11 5073-6300</phone><electronicMailAddress>celiasant@ig.com.br</electronicMailAddress><onlineUrl>http://splink.cria.org.br/manager/detail?resource=SP-Algae</onlineUrl>    <role>CONTENT_PROVIDER</role>
    </associatedParty>
    <associatedParty>
    <individualName>
<givenName>Ana</givenName>        <surName>Zannin (plantas vasculares)</surName>
    </individualName>
<organizationName>Universidade Federal de Santa Catarina (UFSC)</organizationName><positionName>Curador</positionName>    <address>
<deliveryPoint>Campus Reitor João David Ferreira Lima - Trindade; Caixa Postal 476</deliveryPoint><city>Florianópolis</city><administrativeArea>Santa Catarina</administrativeArea><postalCode>88040-900</postalCode><country>BRAZIL</country>    </address>
<phone>+55 48 3721-6501</phone><electronicMailAddress>ana.zannin@ufsc.br</electronicMailAddress><onlineUrl>http://splink.cria.org.br/manager/detail?resource=FLOR</onlineUrl>    <role>CONTENT_PROVIDER</role>
    </associatedParty>
    <associatedParty>
    <individualName>
<givenName>Francisco Javier</givenName>        <surName>Olivas González</surName>
    </individualName>
<organizationName>CBR-ICM (CSIC)</organizationName><positionName>Curator</positionName>    <address>
<deliveryPoint>Passeig Marítim de la Barceloneta, 37-49.</deliveryPoint><city>Barcelona</city><administrativeArea>Barcelona</administrativeArea><postalCode>E-08003</postalCode><country>SPAIN</country>    </address>
<phone>+34 93 230 95 00</phone><electronicMailAddress>fjolivas@icm.csic.es</electronicMailAddress><onlineUrl>https://cbr.icm.csic.es/en</onlineUrl>      <userId directory="https://www.linkedin.com/profile/view?id=">https://www.linkedin.com/in/franciscojavierolivas</userId>
    <role>CONTENT_PROVIDER</role>
    </associatedParty>
    <associatedParty>
    <individualName>
<givenName>MCZ</givenName>        <surName>Harvard University</surName>
    </individualName>
<organizationName>Museum of Comparative Zoology</organizationName>    <address>
<deliveryPoint>26 Oxford Street</deliveryPoint><city>Cambridge</city><administrativeArea>MA</administrativeArea><postalCode>02138</postalCode><country>UNITED_STATES</country>    </address>
<onlineUrl>http://www.mcz.harvard.edu</onlineUrl>    <role>CONTENT_PROVIDER</role>
    </associatedParty>
    <associatedParty>
    <individualName>
<givenName>Kevin</givenName>        <surName>Mackay</surName>
    </individualName>
<organizationName>NIWA</organizationName><positionName>Marine Data Manager</positionName>    <address>
<deliveryPoint>Private Basg 14-901</deliveryPoint><city>Wellington</city><country>NEW_ZEALAND</country>    </address>
<onlineUrl>http://www.niwa.co.nz</onlineUrl>    <role>CONTENT_PROVIDER</role>
    </associatedParty>
    <associatedParty>
    <individualName>
<givenName>Thomas</givenName>        <surName>Orrell</surName>
    </individualName>
<organizationName>National Museum of Natural History, Smithsonian Institution</organizationName><positionName>Branch Chief, NMNH Informatics</positionName>    <address>
<deliveryPoint>P.O. Box 37012, MRC 136</deliveryPoint><city>Washington</city><administrativeArea>DC</administrativeArea><postalCode>20013-7012</postalCode><country>UNITED_STATES</country>    </address>
<phone>202-633-2151</phone><electronicMailAddress>orrellt@si.edu</electronicMailAddress><onlineUrl>http://collections.mnh.si.edu</onlineUrl>    <role>CONTENT_PROVIDER</role>
    </associatedParty>
    <associatedParty>
    <individualName>
<givenName>Ferdy</givenName>        <surName>de Moor</surName>
    </individualName>
<organizationName>Albany Museum</organizationName><positionName>Senior Specialist Scientist</positionName>    <address>
<deliveryPoint>Albany Museum, Department of Sports Arts Recreation and Culture , Eastern Cape Government, Somerset Street</deliveryPoint><city>Grahamstown</city><administrativeArea>Eastern Cape</administrativeArea><postalCode>6139</postalCode><country>SOUTH_AFRICA</country>    </address>
<phone>046-6222312</phone><electronicMailAddress>f.demoor@ru.ac.za</electronicMailAddress><onlineUrl>http://albanymuseum.blogspot.com</onlineUrl>    <role>CONTENT_PROVIDER</role>
    </associatedParty>
    <associatedParty>
    <individualName>
<givenName>Maria</givenName>        <surName>Arlene Pessoa da Silva</surName>
    </individualName>
<organizationName>Universidade Regional do Cariri (URCA)</organizationName><positionName>Curador</positionName>    <address>
<deliveryPoint>Rua Coronel Antonio Luiz, 1161, Pimenta</deliveryPoint><city>Crato</city><administrativeArea>Ceará</administrativeArea><postalCode>63100-000</postalCode><country>BRAZIL</country>    </address>
<phone>+55 88 3101-1212</phone><electronicMailAddress>arlene.pessoa@urca.br</electronicMailAddress><onlineUrl>http://splink.cria.org.br/manager/detail?resource=HCDAL</onlineUrl>    <role>CONTENT_PROVIDER</role>
    </associatedParty>
    <associatedParty>
    <individualName>
<givenName>Rafael</givenName>        <surName>Fernández Nava</surName>
    </individualName>
<organizationName>Instituto Politécnico Nacional
. Escuela Nacional de Ciencias Biológicas
. Departamento de Botánica
. Laboratorio de Botánica Fanerogámica</organizationName><positionName>Responsable</positionName>    <address>
<city>México</city><administrativeArea>Distrito Federal</administrativeArea><postalCode>11410</postalCode><country>MEXICO</country>    </address>
<phone>Tel 5729 6300 ext 62331  Fax 5729 6000 ext 46205</phone><electronicMailAddress>rfernan@ipn.mx</electronicMailAddress>    <role>CONTENT_PROVIDER</role>
    </associatedParty>
    <associatedParty>
    <individualName>
<givenName>Cristiane</givenName>        <surName>Isabel Aguiar</surName>
    </individualName>
<organizationName>Comissão Executiva do Plano da Lavoura Cacaueira (CEPLAC)</organizationName><positionName>Curador</positionName>    <address>
<deliveryPoint>Km 22 da Rodovia Ilhéus - Itabuna; Centro de Pesquisas do Cacau</deliveryPoint><city>Ilhéus</city><administrativeArea>Bahia</administrativeArea><postalCode>45600-970</postalCode><country>BRAZIL</country>    </address>
<phone>+55 73 3214-3227</phone><electronicMailAddress>cfcristiane@bol.com.br</electronicMailAddress><onlineUrl>http://www.ceplac.gov.br</onlineUrl>    <role>CONTENT_PROVIDER</role>
    </associatedParty>
    <associatedParty>
<organizationName>OZCAM (Online Zoological Collections of Australian Museums) Provider</organizationName><onlineUrl>http://www.ozcam.org.au/</onlineUrl>    <role>CONTENT_PROVIDER</role>
    </associatedParty>
    <associatedParty>
    <individualName>
<givenName>Kevin</givenName>        <surName>Mackay</surName>
    </individualName>
<organizationName>NIWA</organizationName><positionName>Marine Data Manager</positionName>    <address>
<deliveryPoint>Private Bag 14-901</deliveryPoint><city>Wellington</city><administrativeArea>New Zealand</administrativeArea><postalCode>6241</postalCode><country>NICARAGUA</country>    </address>
<onlineUrl>http://www.niwa.co.nz</onlineUrl>    <role>CONTENT_PROVIDER</role>
    </associatedParty>
    <associatedParty>
<organizationName>The Natural History Museum, London</organizationName><electronicMailAddress>data@nhm.ac.uk</electronicMailAddress><onlineUrl>http://data.nhm.ac.uk</onlineUrl>    <role>CONTENT_PROVIDER</role>
    </associatedParty>
    <associatedParty>
    <individualName>
<givenName>Humberto</givenName>        <surName>Sotelo</surName>
    </individualName>
<organizationName>International Center for Tropical Agriculture (CIAT)</organizationName>    <address>
<country>COLOMBIA</country>    </address>
<electronicMailAddress>cropwildrelatives@croptrust.org</electronicMailAddress><onlineUrl>http://www.cwrdiversity.org/</onlineUrl>      <userId directory="http://orcid.org/">0000-0002-9621-1456</userId>
    <role>CONTENT_PROVIDER</role>
    </associatedParty>
    <associatedParty>
    <address>
<deliveryPoint>Plaza de Murillo, 2, Madrid, Madrid ES, 28014</deliveryPoint>    </address>
<phone>+34 91 4203017</phone><electronicMailAddress>mduenas@rjb.csic.es</electronicMailAddress>    <role>CONTENT_PROVIDER</role>
    </associatedParty>
    <associatedParty>
    <individualName>
<givenName>Elisete</givenName>        <surName>Maria de Freitas</surName>
    </individualName>
<organizationName>Fundação Vale do Taquari de Educação e Desenvolvimento Social (FUVATES)</organizationName><positionName>Curador</positionName>    <address>
<deliveryPoint>Museu de Ciências Naturais da Univates; Rua Avelino Tallini, 171 - Bairro Universitário</deliveryPoint><city>Lajeado</city><administrativeArea>Rio Grande do Sul</administrativeArea><country>BRAZIL</country>    </address>
<phone>+55 51 3714-7000</phone><electronicMailAddress>elicauf@univates.br</electronicMailAddress><onlineUrl>http://www.univates.br/</onlineUrl>    <role>CONTENT_PROVIDER</role>
    </associatedParty>
    <associatedParty>
    <individualName>
<givenName>Alexandre</givenName>        <surName>Pimenta</surName>
    </individualName>
<organizationName>Museu Nacional/UFRJ</organizationName><positionName>Professor Associado</positionName>    <role>CONTENT_PROVIDER</role>
    </associatedParty>
    <associatedParty>
<electronicMailAddress>E.ARNAUD@CGIAR.ORG</electronicMailAddress>    <role>CONTENT_PROVIDER</role>
    </associatedParty>
    <associatedParty>
    <individualName>
<givenName>Rob</givenName>        <surName>Faucett</surName>
    </individualName>
<organizationName>University of Washington Burke Museum</organizationName><positionName>Collection Manager</positionName>    <address>
<deliveryPoint>Box 353010</deliveryPoint><city>Seattle</city><administrativeArea>WA</administrativeArea><postalCode>98195</postalCode><country>UNITED_STATES</country>    </address>
<phone>+1 206-543-1668</phone><electronicMailAddress>rfaucett@uw.edu</electronicMailAddress><onlineUrl>http://www.burkemuseum.org/</onlineUrl>    <role>CONTENT_PROVIDER</role>
    </associatedParty>
    <associatedParty>
    <individualName>
<givenName>Rick</givenName>        <surName>Feeney</surName>
    </individualName>
<organizationName>Natural History Museum of Los Angeles County</organizationName><positionName>Fishes Collection Manager</positionName>    <address>
<deliveryPoint>900 Exposition Blvd.</deliveryPoint><city>Los Angeles</city><administrativeArea>CA</administrativeArea><postalCode>90007</postalCode><country>UNITED_STATES</country>    </address>
<phone>+01 213 763 3374</phone><electronicMailAddress>rfeeney@nhm.org</electronicMailAddress><onlineUrl>http://www.nhm.org/</onlineUrl>    <role>CONTENT_PROVIDER</role>
    </associatedParty>
    <associatedParty>
<organizationName>European Bioinformatics Institute (EMBL-EBI)</organizationName><electronicMailAddress>datasubs@ebi.ac.uk</electronicMailAddress><onlineUrl>http://www.ebi.ac.uk</onlineUrl>    <role>CONTENT_PROVIDER</role>
    </associatedParty>
    <associatedParty>
    <individualName>
<givenName>Mirtha Noemí</givenName>        <surName>Lewis</surName>
    </individualName>
<organizationName>Centro Nacional Patagónico - CONICET</organizationName><positionName>Researcher</positionName>    <address>
<deliveryPoint>Bv. Almirante Brown 2915</deliveryPoint><city>Puerto Madryn</city><administrativeArea>Chubut</administrativeArea><postalCode>U9120ACD</postalCode><country>ARGENTINA</country>    </address>
<phone>+54 280 4883184 (int. 1242)</phone><electronicMailAddress>mirtha@cenpat-conicet.gob.ar</electronicMailAddress>    <role>CONTENT_PROVIDER</role>
    </associatedParty>
    <associatedParty>
    <individualName>
<givenName>Joel</givenName>        <surName>Ramirez</surName>
    </individualName>
<organizationName>The New York Botanical Garden</organizationName><positionName>Web Developer</positionName>    <address>
<deliveryPoint>2900 Southern Blvd.</deliveryPoint><city>Bronx</city><administrativeArea>NY</administrativeArea><postalCode>10458</postalCode><country>UNITED_STATES</country>    </address>
<electronicMailAddress>jramirez@nybg.org</electronicMailAddress>    <role>CONTENT_PROVIDER</role>
    </associatedParty>
    <associatedParty>
    <individualName>
<givenName>Jeroen</givenName>        <surName>Creuwels</surName>
    </individualName>
<organizationName>Naturalis Biodiversity Center</organizationName><positionName>Data manager</positionName>    <address>
<deliveryPoint>PO Box 9517</deliveryPoint><city>Leiden</city><administrativeArea>Zuid Holland</administrativeArea><postalCode>NL-2300 RA</postalCode><country>NETHERLANDS</country>    </address>
<phone>+31.71.7519600</phone><electronicMailAddress>informatiemanagement@naturalis.nl</electronicMailAddress><onlineUrl>http://science.naturalis.nl</onlineUrl>    <role>CONTENT_PROVIDER</role>
    </associatedParty>
      <pubDate>
      2017-06-15
      </pubDate>
    <language>ENGLISH</language>
    <abstract>
        <para>A dataset containing all occurrences available in GBIF matching the query:
Geometry: POLYGON((-39.5 -27.5,-39.5 -35.5,-27.5 -35.5,-27.5 -27.5,-39.5 -27.5))
The dataset includes records from the following constituent datasets. The full metadata for each constituent is also included in this archive:
1 records from Museo Argentino de Ciencias Naturales &quot;Bernardino Rivadavia&quot; (MACN). Ornithology National Collection (MACNOr)
1 records from UPCB - Herbário do Departamento de Botânica
1 records from MBM - Herbário do Museu Botânico Municipal
1 records from CEN - Herbário da Embrapa Recursos Genéticos e Biotecnologia
1 records from Academy of Natural Sciences OBIS Mollusc Database
1 records from Generic Taxonomic Database System on Mysida and Nematoda
1 records from iziko South African Museum - Mollusc Collection (AfrOBIS)
1 records from Individual Sightings
1 records from Colección de Zoología Invertebrados - Otros invertebrados
1 records from Senckenberg - CeDAMar Resource
1 records from AMNH Bird Collection
1 records from HST - Herbário Sérgio Tavares
1 records from UTEP Plants (Arctos)
1 records from FUEL - Herbário da Universidade Estadual de Londrina
1 records from Crustacea collection of National Museum of Nature and Science
1 records from BHCB - Herbário da Universidade Federal de Minas Gerais
1 records from Museo Argentino de Ciencias Naturales (MACN), Buenos Aires: sea stars collection (Asteroidea, Echinodermata)
1 records from HCDAL - Herbário Caririense Dárdano de Andrade-Lima
1 records from Computarización del Herbario ENCB, IPN. Fase IV. Base de datos de la familia Pinaceae y de distintas familias de la clase Magnoliopsida depositadas en el Herbario de la Escuela Nacional de Ciencias Biológicas, IPN
1 records from CEPEC - Herbário do Centro de Pesquisas do Cacau
1 records from Australian Museum provider for OZCAM
1 records from Universidad Autónoma de Madrid, Biología, Acalypha
1 records from HVAT - Herbário do Vale do Taquari
1 records from The System-wide Information Network for Genetic Resources (SINGER)
1 records from LACM Vertebrate Collection
1 records from The New York Botanical Garden Herbarium (NY) - Vascular Plant Collection
1 records from Collection Crustacea - ZIM Hamburg
2 records from DNSM: Durban Natural Science Museum Insect Collection (1900-2011)
2 records from SPF-Algae - Herbário da Universidade de São Paulo - Coleção de Algas
2 records from UEC - Herbário da Universidade Estadual de Campinas
2 records from IZIKO: Marine Invertebrate Collection (1900-2011)
2 records from UFP - Herbário UFP - Geraldo Mariz
2 records from Coccolith percentage of surface sediment samples
2 records from PEUFR - Herbário Professor Vasconcelos Sobrinho
2 records from Biological Reference Collections ICM CSIC
2 records from A global database for the distributions of crop wild relatives
2 records from iziko South African Museum - Shark Collection (AfrOBIS)
2 records from Nannofossil abundance of Hole 3-21A
2 records from Naturalis Biodiversity Center (NL) - Mollusca
3 records from Instituto de Botánica Darwinion
3 records from Nannofossil abundance of Hole 3-22
3 records from Vertebrate Zoology Division - Ornithology, Yale Peabody Museum
3 records from HUCS - Herbário da Universidade de Caxias do Sul
3 records from FLOR - Herbário do Departamento de Botânica da Universidade Federal de Santa Catarina
3 records from British Antarctic (Terra Nova) Expedition, 1910-1913
3 records from VERTEBRADOS DE VALOR ESPECIAL EN ÁREAS PROTEGIDAS DE LA ARGENTINA
3 records from CSIC-Real Jardín Botánico-Colección de Plantas Vasculares (MA)
3 records from UWBM Ornithology Collection
3 records from Distribution ashore and breeding places of southern elephant seals
3 records from SOUTHERN OCEAN ISOPODA
4 records from Dinoflagellate cysts in surface sediment samples of Meteor cruises M20/2, M23/1, M34/1, M34/2, M34/3 and M34/4
5 records from RB - Rio de Janeiro Botanical Garden Herbarium Collection
5 records from HUEFS - Herbario da Universidade Estadual de Feira de Santana
5 records from Coccolithophorids in surface sediments of the South Atlantic
5 records from Nannofossil abundance of Hole 3-22
5 records from SOMBASE BIOCONSTRUCTORS
6 records from Herbario CTES Plantas Vasculares
6 records from SP-Algae - Herbário do Estado &quot;Maria Eneyda P. Kaufmann Fidalgo - Coleção de Algas
7 records from ICN - Herbário do Instituto de Ciências Naturais
8 records from Dinoflagellates (organic) in surface sediments of the South Atlantic
9 records from Mollusca Collection - Museu Nacional/UFRJ
10 records from (Table 3) Contusotruncana contusa morphotypes in DSDP Hole 72-516F
14 records from Geographic distribution of dinoflagellate cysts in surface sediments
17 records from Dinoflagellate cysts in western equatorial Atlantic surface sediments
17 records from Coccolith percentage exclusive Emiliania huxleyi of surface sediment samples
18 records from British Antarctic Survey Argos satellite tracking data
20 records from Dinoflagellate assemblage in surface sediments of the South Atlantic
22 records from Abundance of Globorotalia menardii of sediment core GeoB2822-2
25 records from ALCB - Herbário Alexandre Leal Costa
29 records from Abundance of Globorotalia menardii of sediment core GeoB2821-1
29 records from AM: Freshwater Invertebrates (1900-2005)
33 records from Ichthyology Collection - Royal Ontario Museum
47 records from NMNH Paleobiology Specimen Records
62 records from The fishes collection (IC) of the Muséum national d&apos;Histoire naturelle (MNHN - Paris)
66 records from LGM, planktic foraminifera (EPILOG version)
71 records from Geographically tagged INSDC sequences
78 records from Biological observations from the Discovery Investigations 1925-1952
84 records from (Table 2) Absolute abundance of Contusotruncana contusa in DSDP Hole 72-516F
88 records from Distribution of planktonic foraminifera in surface sediment samples A180-072 to V23-83
89 records from Fishbase
117 records from NMNH Extant Specimen Records
126 records from Nannofossil abundance of Hole 39-357
151 records from Assemblage of planktonic foraminifera for the last glacial maximum (LGM) in sediment cores from the South Atlantic
158 records from Composition of planktonic foraminifera species from 310 sediments samples during the last glacial maximum
162 records from Natural History Museum (London) Collection Specimens
177 records from (Appendix) Ostracodes at DSDP Leg 72 Holes
206 records from The Brown University Foraminiferal Data Base (BFD)
217 records from Invertebrate Paleontology Division, Yale Peabody Museum
346 records from Museum of Comparative Zoology, Harvard University
450 records from Composition of planktonic foraminifera species in 1123 surface sediment samples compared with sea surface temperatures from the Levitus Atlas
520 records from Planktic foraminifera abundance of Hole 39-357
582 records from (Table 2) Relative abundance of planktic foraminifera in Maastrichtian sediments of DSDP Hole 3-21 from the Rio Grande Rise, South Atlantic Ocean
588 records from Modern planktic foraminifera assemblage from surface sediment samples used as reference data set for the reconstruction of Atlantic sea surface temperatures during the last glacial maximum (LGM)
706 records from (Table 1) Benthic foraminifera at DSDP Site 72-516
726 records from Distribution of planktic foraminifera in surface sediments of the Atlantic Ocean (ATL947)
745 records from (Table 2) Benthic foraminifers at DSDP Hole 72-518
782 records from Distribution of planktic foraminifera in surface sediments of the Atlantic Ocean
786 records from Planktic foraminifera abundance of Hole 72-518
811 records from Planktic foraminifera abundance of Hole 72-516
918 records from (Table 4) Occurrence of benthic foraminifera in samples from DSDP Hole 72-518
1137 records from (Appendix A) Distribution of planktonic foraminifera at DSDP Hole 72-516
1137 records from Planktic foraminifera abundance of Hole 72-516F
1155 records from Planktic foraminifera abundance of Hole 72-516A
1376 records from Vertical distribution of nannofossils in the section of DSDP Site 72-516
1833 records from (Appendix) Benthic foraminifera distribution of upper Creatceous and Paleocene at DSDP Hole 72-516F
1945 records from Foraminifera abundance of Hole 39-357
1968 records from (Appendix B) Distribution of planktonic foraminifera at DSDP Hole 72-518
1979 records from Planktic foraminifera abundance of Hole 72-518
2083 records from Planktic foraminifera abundance of Hole 72-517
3030 records from (Figure 2) Quaternary biostratigraphy and planktonic foraminifera of DSDP Hole 72-517
3224 records from Relative abundance of planktic foraminifera in sediment core GeoB1312-2
3651 records from Planktic foraminifera abundance of Hole 72-516F
6602 records from Relative abundance of planktic foraminifera in sediment core GeoB1309-2
9526 records from Neptune Deep-Sea Microfossil Occurrence Database
9589 records from (Appendix) Distribution of planktonic foraminifers at DSDP Hole 72-516F, Coniacian-Santonian to upper Maestrichtian
</para>
    </abstract>
      <contact>
    <individualName>
        <surName>GBIF Download Service</surName>
    </individualName>
<electronicMailAddress>support@gbif.org</electronicMailAddress>      </contact>

</dataset>

<additionalMetadata>
    <metadata>
      <gbif>
        <dateStamp>2017-06-15T01:59:45Z</dateStamp>
      <citation identifier="10.15468/dl.indh75">GBIF Occurrence Download 10.15468/dl.indh75</citation>
              <physical>
                  <objectName></objectName>
                  <characterEncoding>UTF-8</characterEncoding>
                  <dataFormat>
                      <externallyDefinedFormat>
                          <formatName>Darwin Core Archive</formatName>
                      </externallyDefinedFormat>
                  </dataFormat>
                  <distribution>
                      <online>
                          <url function="download">http://api.gbif.org/v1/occurrence/download/request/0101012-160910150852091.zip</url>
                      </online>
                  </distribution>
              </physical>
        </gbif>
    </metadata>
</additionalMetadata>

</eml:eml>
